ref;;FRENCH PRODUCT NAME;PRODUCT;PHOTOS;FEATURES;LOGO & LOGO SIZE;PACKING;FRENCH REFERENCE;EAN
1491;;1 - CORDE DE TIRAGE;TRICEPS ROPE WITH RUBBER ENDS;;Dimensions: 70 cm;;0,85 kgs;1491;3760223791419
1518;;2 - TRIANGLE DE TIRAGE AVEC POIGNEES;2 - Machine accessories;;Dimension: 13cm;;;1518;3760223793659
1686;;3 - POIGNEE DE TIRAGE;3 - Machine accessories;;Dimension: 14cm;;;1686;3760223793666
1459;;4 - BARRE ROWING DE TIRAGE DORSAL;4 - Machine accessories;;Dimension: 96cm;;;1459;3760223791433
1457;;5 - BARRE ROWING BICEPS TRICEPS;5 - Machine accessories;;Dimension: 50cm;;;1457;3760223791440
1520;;6 - DOUBLE POIGNEES DE TIRAGE BICEPS-TRICEPS;6 - Machine accessories;;Dimension: 50cm;;;1520;3760223790931
1519;;;7 - Machine accessories;;Dimension: 36cm;;;1519;3760223790948
1521;;8 - DOUBLE POIGNEE ROWING DE TIRAGE DORSAL;8 - Machine accessories;;Dimension: 40cm;;;1521;3760223791457
1517;;9 - TRIANGLE DE TIRAGE;9 - Machine accessories;;Dimension: 36cm;;;1517;3760223791464
1456;;10 - BARRE DROITE DE TIRAGE DORSAL;10 - Machine accessories;;Dimension: 122cm;;;1456;3760223791426
3397;;AB SLINGS;Ab Slings;;"Dimensions : 30 ž 25 ž 5 cmBrushed nylon lining for enhanced comfortForged steel carabineers lock on to any universal gym";;"Gross Weight: 0,6 kgs";3397;3760223792201
1725;;AB WHEEL;Ab Wheel;;"Plastic wheel with metal structureHandles covered with RubberNon-slip discs around of wheelsInside pantone color: yellow pantone 102CSize: 18*26 cmDiameter: 19 cm";;"Gross Weight: 0,5 kgsColorbox";1725;3760223792218
2025;;AB WHEEL PRO ;Ab Wheel Pro ;;"Dimensions: 54,5x34,5cmHandles covered with foamStraps to hold the shoesMolded plastic discs iron rod with comfortable grip";;"Gross Weight: 2,95 kgsColorbox";2025;3760223790405
2980;;COUSSIN APPUI LOMBAIRE;Ab-Mat;;"Dimensions : 36.5 x 30.5 x 7.5cmColor: blackLOGO : Leaderfit, in Yellow (pantone 102C) on both sides";;"Gross Weight: 1 kg";2980;3760223792225
1980;;COUSSIN APPUI LOMBAIRE PRO;Ab-Mat;;"SIZE:30*36*60MM Weight: 650gColor: blackLOGO : Leaderfit, in Yellow (pantone 102C)";;"Gross Weight: 0,8 kg";1980;3760223794007
1430;;ANNEAU BALLONS FITNESS ;GYM BALL STACKER;;"Color: TransparentAttached with velcroDimensions: 1.6mm x 14cm x120cmMaterial:PETVelcro attached dimensions: 8 x 5 cmSold by set of 3";;"packed by set of 3. Gross Weight: 0,15 kgs";1430;3760223790801
2341;;ANNEAUX DE SUSPENSION;CLASSIC GYM RINGS;;"Diameter: 23,5 cmLength of the straps: 4,5 mWidth of the straps: 2,5 cmMaterial: ABSSold by pair ";;"Gross Weight: 1,1 kgPE bag into white box to avoid rust";2341;3760223791471
4008;;ANNEAUX DE SUSPENSION BOIS;WOODEN GYM RINGS;;"Diameter: 23,5 cmLength of the straps: 4,5 mWidth of the straps: 2,5 cmMaterial: natural woodSold by pair";;"Gross Weight: 1,1 kgPE bag into white box carton to avoid rust";4008;3760223790412
2363;;BAGUES STOP DISQUES 50MM;COLLARS FOR OLYMPIC BAR;;"Inside diameter: 51 mmSold by pairLOGO: _LEADERFIT_ printed in white.";;Gross Weight: 0,45 kgs ;2363;3760223791488
2365;;BAGUES STOP DISQUES 30MM;COLLARS FOR REGULAR BAR;;"Inside diameter: 30 mmSold by pairColor: Black and green (pantone 361C)LOGO: _LEADERFIT_ printed in white on the edge";;"Gross Weight: 0,25 kgs ";2365;3760223792232
1436;;BALANCE BOARD ;WOODEN BALANCE BOARD;;"Material: woodDiameter  40 cmHeight: 50mmLOGO: _LF_ Pilates_, in black";; Gross Weight: 1,35 kgs;1436;3760223792249
1437;;BALLE A REACTION;RUBBER REACTION BALL;;"Material: rubberColor: Red/Blue/Orange or YellowNet Weight: 60g";;1pc/double blister, 12pcs/inner box, 72pcs/ctn ;1437;3760223792256
1989;;BALANCE CUSHION;BALANCE CUSHION;;"SIZE:52CM*25CM(H)Weight: 300gColor: Blue";;;1989;3760223794014
1438;;BALLE PICOTS ;SOFT MASSAGE BALL;;"Diameter: 8 cmDensity: 55ø, SoftColor: Purple (pantone 255C)";;Colorbox;1438;3760223791051
1439;;BALLES LESTEES 0,5KG BLEU;WEIGHTED BALL 0,5 kgs, Blue;;"Diameter: 10cm(0,5kgs), 12cm(1kg), 13cm(1,5kgs)Weight: 0,5/1/1,5/2 kgsThe weight must be printed on the ball, in white.Color: Blue (pantone 300C) or Grey (pantone 877C), according to the PISold by pairFilled with sandMaterial: PVCLOGO: _LF_Pilates_, printed in white on blue balls, and in black on grey balls";;2pcs/Colorbox;1439;3760223790351
1442;;BALLES LESTEES 0,5KG GRIS ;WEIGHTED BALL 0,5 kgs, Grey;;;;;1442;3760223790184
1441;;BALLES LESTEES 1KG BLEU;WEIGHTED BALL 1 kg, Blue;;;;;1441;3760223790368
1444;;BALLES LESTEES 1KG GRIS;WEIGHTED BALL 1 kg, Grey;;;;;1444;3760223791952
1440;;BALLES LESTEES 1,5KG BLEU ;WEIGHTED BALL 1,5 kg, Blue;;;;;1440;3760223790382
1443;;BALLES LESTEES 1,5KG GRIS;WEIGHTED BALL 1 kg, Grey;;;;;1443;3760223792263
3212;;BALLON FITNESS 55CM BLEU;ANTI-BURST GYM BALL 55CM BLUE;;"Diameter: 55/65/75 cmColor: Blue (pantone 300C) or Grey (pantone 877C), according to the PIAnti-burst GymballsMaterial: PVCMaximum user weight limit: 110kgTested to 300kgsThe shape must be well round once pumped.Weight: 55cm (800g), 65cm (984g, 0,80mm thick), 75cm (1200g)Thick tolerance within 10%.The weight tolerance controled as  +-5g.LOGO: _LF_Pilates_, printed in white on blue balls, and in black on grey balls";;"1pc/colorboxThe colorbox and the manual are translated in french.";3212;3760223790085
2666;;BALLON FITNESS 55CM GRIS;ANTI-BURST GYM BALL 55CM GREY;;;;;2666;3760223790641
1571;;BALLON FITNESS 65CM BLEU;ANTI-BURST GYM BALL 65CM BLUE;;;;;1571;3760223790108
1572;;BALLON FITNESS  65CM GRIS;ANTI-BURST GYM BALL 65CM GREY;;;;;1572;3760223790207
1574;;BALLON FITNESS 75CM GRIS;ANTI-BURST GYM BALL 75CM GREY;;;;;1574;3760223790115
1445;;BALLON PAILLE BLEU;AEROBIC BALL 25cm Blue;;"Diameter: 26 cm, weight: 153g, Thickness: 0,70mmThick tolerance within 10%.The weight tolerance controled as  +-5g.Color: Blue (pantone 300C)Grey (pantone 877C )Material: PVCA straw and a cap are included with each ballThe shape must be well round once pumped.LOGO: _LF_Pilates_, printed in whiteLength of the caps: 5cmA recess must be present where the cap is put, so that customer doesnt feel the cap";;1pc/polybag;1445;3760223790344
1449;;BALLON PAILLE GRIS;AEROBIC BALL 25cm Grey;;;;;1449;3760223794311
1446;;BALLON PAILLE ROSE;AEROBIC BALL 25cm Pink;;;;;1446;3760223791969
1447;;BALLON PAILLE VIOLET;AEROBIC BALL 25cm Purple;;;;;1447;3760223791976
2230;;COMMERCIAL BENCH CROSS TRAINING;COMMERCIAL BENCH CROSSFIT;;"Assembly size: 135*67*115 cmSteel frame: 70*50mm ";;"Gross Weight: 34 kg";2230;3760223790863
1548;;BANDE LATEX (LOT DE 3);Latex Band;;"Length: 120cmR‚sistance light (red, 35mm) / medium (blue, 55mm) / strong (purple, 65mm)";;;1548;3760223791068
2902;;BANDES LESTEES CHEVILLE 2X0,5KG;ANKLE WEIGHT 2X0,5 KGS;;"Weight: 2x0,5kg or 2x1kg, according to PIColor: Black & Grey, yellow trim for 0,5kgs and green trim for 1kg (photo is green trim)Material: NeopreneContent: iron sand fillsLOGO: Leaderfit, in pink or yellow on the grey part.";;Colorbox;2902;3760223792287
1450;;BANDES LESTEES CHEVILLE 2X1KG;ANKLE WEIGHT 2X1 KGS;;;;;1450;3760223793581
1969;;BANDES LESTEES POIGNET 2X0,25KG;Soft Hand Jogging Gloves;;"Weight: 2 x 0,25 kgColor: Black with pink trimMaterial: NeopreneContent: iron sand fillsLOGO: Leaderfit, in white.";;0,55 kg;1969;3760223793741
1451;;BANDES LESTEES POIGNET 2X0,5KG;Soft Hand Jogging Gloves;;"Weight: 2 x 0,5 kgColor: Black with yellow trimMaterial: NeopreneContent: iron sand fillsLOGO: Leaderfit, in white.";;1,1 kgs;1451;3760223792294
1451;;BANDES LESTEES POIGNET 2X0,5KG;WRIST WEIGHT 2X0,5 KG;;"Weight: 2 x 0,5 kgColor: Blue & blackMaterial: NeopreneContent: iron sand fillsLOGO: Leaderfit Equipement, in white.";;1,2 kgs;1451;3760223792294
2359;;BARRE KIT PUMP RENFORCEE;Pump set bar reinforced;;"1 rubber coated hollow steel barLength 1,40mCan hold up to 40kgs";;;2359;3760223793703
3408;;BARRE CROSS TRAINING HOMME 28MM;OB86 20kg MEN Crossfit Bar;;"Length: 220cmLOGO: _LEADERFIT_ on both ends of the bar. Aluminum label clipped.Hard Chrome BarMaterial: Alloy SteelHandle Diameter: 28mmWith 8 needle bearings and brass brushingMaximum capacity: 1000lbs Net weight: 20kgs";;"Gross Weight: 21 kg";3408;3760223791495
3407;;BARRE CROSS TRAINING FEMME 25MM;OB86 15kg WOMEN Crossfit Bar;;"Length: 201cmLOGO: _LEADERFIT_ on both ends of the bar. Aluminum label clipped.Hard Chrome BarMaterial: Alloy SteelHandle Diameter: 25mmWith 8 needle bearings and brass brushingMaximum capacity: 800lbs Net weight: 15kgs";;"Gross Weight: 16 kg";3407;3760223792317
1452;;BARRE CURL EZ 120CM;CURL BAR EZ 120CM;;"Length: 120cmLOGO: _LEADERFIT_ on both ends of the bar. Aluminum label clipped.Material: Q45 SteelHandle Diameter: 25mmWith 4 needle bearings and brass brushingMaximum capacity: 300lbs ";;"Gross Weight: 9,6 kgNet Weight: 9kg";1452;3760223792324
1458;;BARRE LYRE TRICEPS ;OLYMPIC TRICEPS BAR;;"Handle diameter: 51 mmLength: 87cmNet Weight: 12,6 kgsLOGO: _LEADERFIT_ on both ends of the bar. Aluminum label clipped.";;Gross Weight: 13 kg;1458;3760223791501
1537;;BARRE D'INITIATION A L'HALTEROPHILIE;Initiation Weightlifting Bar for beginners;;"Net Weight: 7,9kgsHollow BarBar knurled for positive gripping.LOGO: _LEADERFIT_ on both ends of the bar. Aluminum label clipped.Length: 200cmHandle diameter: 28mm";;Gross Weight: 8 kg;1537;3760223792331
1453;;BARRE OLYMPIQUE DROITE 2,20M;STRAIGHT OLYMPIC BAR 220CM 20KGS;;"Length: 220cmLOGO: _LEADERFIT_ on both ends of the bar. Aluminum label clipped.Material: Q45 SteelHandle Diameter: 28mmWith 8 needle bearings and brass brushingMaximum capacity: 700lbs Net weight: 20kgs";;Gross Weight: 21 kg;1453;3760223791525
2986;;BARRE OLYMPIQUE DROITE 1,50M;STRAIGHT OLYMPIC BAR 150CM 15KGS;;"Length: 150cmLOGO: _LEADERFIT_ on both ends of the bar. Aluminum label clipped.Material: Q45 SteelHandle Diameter: 28mmWith 8 needle bearings and brass brushingMaximum capacity: 450lbs Net weight: 12,5kgs";;"Gross Weight: 12,8 kgNet Weight: 12 kg";2986;3760223791518
1460;;BASE A PICOTS BLEUE;MASSAGE CUSHION BLUE;;"Diameter: 33 cmHeight: around 4,5 cmColor: Blue (pantone 300C)Net Weight: 1 kgThe bottom of disc has small nodules for use in rehab and massage therapy";;1pc/polybag;1460;3760223791075
1469;;BASE A PICOTS GRISE;MASSAGE CUSHION GREY;;"Diameter: 33 cmHeight: around 4,5 cmColor: grey (pantone 877C)Net Weight: 1 kgThe bottom of disc has small nodules for use in rehab and massage therapy";;1pc/polybag;1469;3760223793710
1461;;BATONS DE BOIS 120CM PAR 10;WOODEN HANDLE 120CM;;"Length: 120cm or 140cm, according to the PIDiameter: 24 mmNet Weight: 300g (120cm), 360g (140cm)Wood: EucalyptusBoth head and bottom egg dome endsHandles must be entirely varnished";;10pcs/bundle, 3 bundles/woven bag;1461;3760223792348
1468;;BATONS DE BOIS 140CM PAR 10;WOODEN HANDLE 140CM;;;;;1468;3760223792355
1462;;BLOC PROPRIOCEPTION;TPE BALANCE PAD;;"Dimensions: 40 x 35 x 5cmMaterial: TPEColor: BlueHardness: 8øLOGO _LF_Pilates_, imprit logo";;0,85 kgs;1462;3760223792362
;;;Caps for Aerobic Balls;;;;10pcs/polybag,100polybags/big bag;0;
1479;;BRIQUES YOGA VIOLET;YOGA BRICK Purple;;"Dimensions: 22.8 x 15 x7.6 cmMaterial: EVA FoamAnti-slip functionColor: PURPLE (pantone 683C)Sold by pairDensity: High densityLOGO _LF_Pilates_, printed in white";;"Shrink Package0,2 kgs";1479;3760223791549
1478;;BRIQUES YOGA VERT;YOGA BRICK Green;;"Dimensions: 22.8 x 15 x7.6 cmMaterial: EVA FoamAnti-slip functionColor: Green (pantone 374C)Sold by pairDensity: High densityLOGO _LF_Pilates_, printed in white";;"Shrink Package0,2 kgs";1478;#N/A
1463;;BLOC YOGA;YOGA BLOCK;;"Dimensions: 13x17x30,5 cmMaterial: EVA FoamAnti-slip functionColor: PurpleDensity: High densityLOGO _LF_Pilates_, printed in white";;0,3 kgs;1463;#N/A
3458;;CAGE CROSS TRAINING POWER;;;;;;3458;3760223790849
1968;;CAGE MURALE DEPLIABLE;Wall Mounted Rack;;"Sold with the accessories on the photo.Assembly Size:286*144*87cmWidth of the tubes: 60mmAll tubes and accessories in black.";;;1968;3760223793789
2360;;CEINTURE A CHARGE;Nylon Dip Belt;;;;;2360;3760223793673
2369;;CEINTURE FLOTTANTE SMALL;;;;;;2369;0
1484;;CEINTURE DE MAINTIEN;LEATHER WEIGHT LIFTING BELT;;"LOGO: Leaderfit, on white.Material: LeatherFisrt hole at 115cm";;Gross Weight: 0,5 kgs;1484;3760223792423
1994;;CHARIOT FOAM ROLLER;FOAM ROLLER RACK;;"Color: BlackCan store 12 foam rollers (6'x15')";Dimensions: 89 x 53,5 x 91,5 cm;0,2 kgs;1994;3760223794151
3415;;CHIN-UP BAR 1172MM;Chin-up Bar 1172mm;;Dimensions: 117,2 cm ;;Gross Weight: 7 kgs;3415;3760223792430
1983;;CHIN-UP BAR 1190MM;Chin-up Bar;;"MAIN TUBE SIZE:50*50*1.5MMASSEMBLE SIZE:51*99*20CM";;Gross Weight: 7 kgs;1983;3760223794038
3416;;CHIN-UP BAR 1200MM;Chin-up Bar 1200mm;;Dimensions: 120 cm ;;Gross Weight: 7 kgs;3416;3760223791983
3417;;CHIN-UP BAR 1250MM;Chin-up Bar 1250mm;;Dimensions: 125 cm ;;Gross Weight: 8 kgs;3417;3760223792447
3414;;CHIN-UP RACK;Chin-Up Rack;;"ASSEMBLE SIZE:51*99*20CMMAIN TUBE SIZE:50*50*1.5MMMax Charge: 250kgsNet Weight: 18kgs ";;"Gross Weight: 19 kgs";3414;3760223791990
4000;;CORDE A SAUTER PRO;Speed Rope;;"Color: Black-Cable size: ›2,5mmx3m-Adjustable height";;;4000;3760223793680
3998;;CORDE DE VITESSE NOIR;Speed Rope;;"Color: Black-Cable size: ›2,5mmx3m-Adjustable height-LOGO: Leaderfit  in yellow, on one handle-We need 4 screws in total, 2 outside the handles, and 2 between the handles.";;;3998;3760223792010
3998J;;CORDE DE VITESSE JAUNE;Speed Rope;;"Color: Yellow/black-Cable size: ›2,5mmx3m-Adjustable height-LOGO: Leaderfit in yellow, on one handle. -We need 4 screws in total, 2 outside the handles, and 2 between the handles.";;;3998J;3760223793758
3998B;;CORDE DE VITESSE BLEU;Speed Rope;;"Color: Blue-Cable size: ›2,5mmx3m-Adjustable height-LOGO: Leaderfit Equipement, in white, on one handle";;;3998B;3760223792027
3998V;;CORDE DE VITESSE VIOLET;Speed Rope;;"Color: Purple-Cable size: ›2,5mmx3m-Adjustable height-LOGO: Leaderfit Equipement, in white, on one handle";;;3998V;3760223792003
1492;;CORDE A SAUTER ORANGE;SPEED JUMP ROPE ORANGE;;"Length: 275 cmDiameter: 45 mmMaterial: PVCColor: Orange/Green or Purple, according to the PI";PP Tube + Color card;Gross Weight: 0,08 Kgs;1492;3760223792454
1493;;CORDE A SAUTER VERT;SPEED JUMP ROPE GREEN;;;;;1493;3760223792461
1494;;CORDE A SAUTER VIOLET;SPEED JUMP ROPE PURPLE;;;;;1494;3760223792478
3479;;CORDE D'OSCILLATION 38MM;BATTLE ROPE 38mm;;"Color: Black rope and ring, with black handleMaterial: Polypropylene fibre with Nylon coverDiameter: 38mmNet Weight: 12,5 kgsLOGO: Leaderfit on the handles, in whiteLength of plastic handle: 20 cm + 5cm of solid ringTotal Length: 15m";;"Gross Weight: 12,5 Kgs";3479;3760223790655
1496;;CORDE D'OSCILLATION 50MM;BATTLE ROPE 50mm;;"Color: Black rope and ring, with black handleMaterial: Polypropylene fibre with Nylon coverDiameter: 50mmNet Weight: 15,5 kgsLOGO: Leaderfit on the handles, in whiteLength of plastic handle: 20 cm + 5cm of solid ringTotal Length: 15m ";;"Gross Weight: 16 Kgs";1496;3760223790825
2332;;CORE PLATE;Core Plate;;"Color: BlackSold without the olympic barBarbell Landmine + Landmine HandleRubber anti-slip base on base plateIncludes fixing point for training ropes and bands";;Gross Weight: 24,5 Kgs;2332;3760223791556
3410;;CROSS BAR 1080MM;CROSS BAR 1080mm;;"Color: BlackLength: 1080mmDiameter of the tube: 75 mmThickness of the tube: 3 mmSold by unit";;"Gross Weight: 17 KgsPacked by piece.";3410;3760223790511
3411;;CROSS BAR 1800MM;Cross Bar - 1800Mm ;;"Color: BlackLength: 1800mmDiameter of the tube: 75 mmThickness of the tube: 3 mmSold by unit";;"Gross Weight: 27 KgsPacked by piece.";3411;3760223790528
3820;;CROSS BAR 2815MM;CROSS BAR 2815mm;;"Color: BlackLength: 2815mmDiameter of the tube: 75 mmThickness of the tube: 3 mmSold by unit";;"Gross Weight: 40 KgsPacked by piece.";3820;3760223792485
3484;;DIPS BARS;Dip Bars;;Sold by pair;;Gross Weight: 8,6 Kgs;3484;3760223792508
3483;;DIPS HORN;Dip Horn;;;;Gross Weight: 10 Kgs;3483;3760223790658
2319;;DISQUE PUMP 1,25KG ROSE;PLATE FOR PUMP 1,25 KG;;"Weight: 1,25 kgColor: Pink (pantone 213C)Thickness: 24 mmDiameter: 15 cm";;"1,25 kgsPacked by pair";2319;3760223792515
2318;;DISQUE PUMP 2,5KG JAUNE;PLATE FOR PUMP 2,5 KG;;"Weight: 2,5 kgColor: Yellow (pantone 102C)Thickness: 34 mmDiameter: 17,8 cm";;"2,75 kgsPacked by pair";2318;3760223792546
2315;;DISQUE PUMP 5KG VERT;PLATE FOR PUMP 5 KG;;"Weight: 5 kgsColor: Green (pantone 361 C)Thickness: 39 mmDiameter: 20,7 cm";;Packed by pair;2315;3760223791082
2316;;DISQUE PUMP 10KG BLEU;PLATE FOR PUMP 10 KG;;"Weight: 10 kgsColor: Blue (pantone 306C)Thickness: 45 mmDiameter: 25,5 cm";;"10,35 kgsPacked by pair";2316;3760223792522
3995;;DISQUE PUMP 1,25KG NOIR;PLATE FOR PUMP 1,25 KG BLACK;;"Weight: 1,25 kgColor: BlackThickness: 24 mmDiameter: 15 cm";;"1,25 kgsPacked by pair";3995;3760223794199
3996;;DISQUE PUMP 2,5KG NOIR;"PLATE FOR PUMP 2,5 KGBLACK";;"Weight: 2,5 kgColor: BlackThickness: 34 mmDiameter: 17,8 cm";;"2,75 kgsPacked by pair";3996;3760223794205
3997;;DISQUE PUMP 5KG NOIR;PLATE FOR PUMP 5 KG BLACK;;"Weight: 5 kgsColor: BlackThickness: 39 mmDiameter: 20,7 cm";;Packed by pair;3997;3760223794212
2320;;DISQUE PUMP 10KG NOIR;PLATE FOR PUMP 10 KG;;"Weight: 10 kgsColor: BlackThickness: 45 mm";;"10,35 kgsPacked by pair";2320;3760223792539
1979;;DISQUES BUMPER 2,5KG;BUMPER PLATES 2,5kgs;;"Thickness: 6.5cmOutside Diameter 45cmInside Diameter: 51cmColor: Red";;;1979;3760223793994
3489;;DISQUES BUMPER 5KG NOIR;BUMPER PLATES 5kgs;;"With metal ring in the middleDiameter of the discs:Inside diameter: 51 mm to fit a 50mm barColors: 5kgs: Black , thickness: 27 mm10kgs: Green, thickness: 37 mm15kgs: Yellow, thickness: 50 mm20kgs: Blue, thickness: 60 mm25kgs: Red, thickness:  mmSold by UnitDrop test: 2m 12000 repetitionsOutside Diameter: 45cm";;;3489;3760223792591
3485;;DISQUES BUMPER 10KG VERT;BUMPER PLATES 10kgs;;;;;3485;3760223792553
3486;;DISQUES BUMPER 15KG JAUNE;BUMPER PLATES 15kgs;;;;;3486;3760223792560
3487;;DISQUES BUMPER 20KG BLEU;BUMPER PLATES 20kgs;;;;;3487;3760223792577
3488;;DISQUES BUMPER 25KG ROUGE;BUMPER PLATES 25kgs;;;;;3488;3760223792584
1508;;DISQUES NOIRS A POIGNEES 1,25 KG ROND;Black Rubber Encased Olympic Plate w/metal ring 1,25kg;;"Material: RubberHand grip on the handles for a better gripInside Diameter: 51mmWeight: 1,25/5/10/15/20/25 kgs according to the PI.Sold by unit";-DISQUE NOIR A POIGNES 1,25 KG rond [1508] > _ 17,5cm _ ‚paisseurÿ: 2,5cm;;1508;3760223791099
1511;;DISQUES NOIRS A POIGNEES 2,5 KG ROND;Black Rubber Encased Olympic Plate w/metal ring 2,5kg;;;-DISQUE NOIR A POIGNEES 2,5 KG rond [1511] > _ 20,7cm _ ‚paisseurÿ: 2,5cm;;1511;3760223791105
1513;;DISQUES NOIRS A POIGNEES 5 KG ROND;Black Rubber Encased Olympic Plate w/metal ring 5kg;;;-DISQUE NOIR A POIGNES 5 KG rond [1508] > _ 25,8cm _ ‚paisseurÿ: 3,5cm;;1513;3760223792621
1509;;DISQUES NOIRS A POIGNEES 10 KG ROND;Black Rubber Encased Olympic Plate w/metal ring 10 kg;;;-DISQUE NOIR A POIGNEES 10 KG rond [1509] > _ 35,5cm _ ‚paisseurÿ: 3,8cm;;1509;3760223791594
1510;;DISQUES NOIRS A POIGNEES 15 KG ROND;Black Rubber Encased Olympic Plate w/metal ring 15kg;;;-DISQUE NOIR A POIGNES 15 KG rond [1510] > _ 39,3cm _ ‚paisseurÿ: 4,4cm;;1510;3760223792607
1512;;DISQUES NOIRS A POIGNEES 20 KG ROND;Black Rubber Encased Olympic Plate w/metal ring 20kg;;;-DISQUE NOIR A POIGNEES 20 KG rond [1512] > _ 42,3cm _ ‚paisseurÿ: 4,8cm;;1512;3760223791112
1541;;DISQUES NOIRS A POIGNEES 25 KG ROND;Black Rubber Encased Olympic Plate w/metal ring 25kg;;;-DISQUE NOIR A POIGNES 25 KG rond [1541] > _ 44,8cm _ ‚paisseurÿ: 5cm;;1541;3760223792614
1515;;DOME TRAINER BLEU;Dome Trainer ;;"Diameter: 60 cmHeight: 15 cmColor: BlueWith plastic rimNet Weight: 7 kgs";;Gross Weight: 8 kgs;1515;0
3419;;DOUBLE CHIN-UP BAR 1080MM;Double Chin-Up Bar  - 1080Mm;;Length: 1080 mm;;"Gross Weight: 9 KgsPacked by piece.";3419;3760223792645
3420;;DOUBLE CHIN-UP BAR 1800MM;Double Chin-Up Bar - 1800Mm;;Length: 1800 mm;;"Gross Weight: 12,5 KgsPacked by piece.";3420;3760223792652
1543;;ECHELLE DE VITESSE;ADJUSTABLE AGILITY LADDER 4M;;"Length: 4 m8pcs of flat rungsFlat rungs must be in orange";;1,1 kgs;1543;3760223791617
1544;;ELASTIQUE 8 POIGNEES 10KG;;;"Resistance: 10KGColor: Pink (pantone 213C)";;;1544;3760223794052
1545;;ELASTIQUE 8 POIGNEES 15KG;;;"Resistance: 15KGColor: Yellow (pantone 102C)";;;1545;3760223794069
1546;;ELASTIQUE 8 POIGNEES 20KG;;;"Resistance: 20KGColor: Green (pantone 361C)";;;1546;3760223794076
1547;;ELASTIQUE DE RESISTANCE POIGNEE/CHEVILLE;;;;;;1547;0
2317;;ELASTIQUE DE RESISTANCE TRAVAIL SAUT;;;;;;2317;0
3412;;ELEVATION CROSS BAR 1552MM;Elevation Cross Bar - 1552Mm ;;"Length: 1552mmDiameter of the tube: 75 mmThickness: 3 mm";;"Gross Weight: 23 KgsPacked by piece.";3412;3760223790535
3413;;ELEVATION CROSS BAR 2119MM;Elevation Cross Bar - 2119Mm ;;"Length: 2119mmDiameter of the tube: 75 mmThickness: 3 mm";;"Gross Weight: 30 KgsPacked by piece.";3413;3760223790542
3813;;ELEVATION CROSS BAR TRANSVERSAL 1215MM;Elevation Cross Bar Length: 1215Mm;;"Length: 1215mmDiameter of the tube: 75 mmThickness: 3 mm";;"Gross Weight: 12 KgsPacked by piece.";3813;3760223792669
2021;;PARRELLELS BAR;Equalizer;;"Dimensions: 50x65x70cmColor: Yellow and black";;;2021;0
2351;;FITNESS TUBE LIGHT ROSE;Fitness Tube Latex Light;;"Material: LatexDimensions: 6x10x1220mmColor: Pink (pantone 213C)Resistance: Light (10 lbs)LOGO: Leaderfit, in color, woven";;Gross Weight: 0,15 kgs;2351;3760223791129
2353;;FITNESS TUBE MEDIUM JAUNE;Fitness Tube Latex Medium;;"Material: LatexDimensions: 7x11x1220mmColor: Yellow (pantone 102C)Resistance: Medium (15 lbs)LOGO: Leaderfit, in color, woven";;;2353;3760223791136
1556;;FITNESS TUBE STRONG VERT;Fitness Tube Latex Strong;;"Material: LatexDimensions: 8x12x1220mmColor: Green (pantone 361C)Resistance: Strong (20 lbs)LOGO: Leaderfit, in color, woven";;;1556;3760223791143
4024;;FIXATION MURALE POUR CORDE;ROPE ANCHOR;;"Can allow to work with 38mm and 50mmDimensions: 23*5*8.5cm ";;0,2 kgs;4024;3760223792676
2296;;FLEX BAR;ASSEMBLE FLEX BAR;;"Length: 150 cmCan be unscrewed in the middle (two parts joint)Color: Red and BlackMaterial: TPR, Glass fiber Anti-slip TPE handle&ends CpsDiameter: 7,5 mm";;0,65 kgs;2296;3760223790757
1560;;FOAM ROLLER CLASSIC BLEU;EVA FOAM ROLLER;;"Length: 90 cmDiameter: 15 cmHardness: 30øColor: BlueAlveolus surfaceLOGO, _LF_Pilates_, in white, on both sides";;"1pc/shrink pack, 6pcs/ctnGross Weight: 0,65 kg";1560;3760223790764
1559;;FOAM ROLLER BASIQUE ;EPE Foam Roller;;"Length: 90 cmDiameter: 15 cmColor: Blue";;1pc/shrink pack, 10pcs/ctn;1559;3760223792683
2583;;GANT DE SAC LF';Sandbag gloves;;"Material: PULOGO: Leaderfit Equipement, printed in white on both gloves";;;2583;3760223792690
3525;;GLUTE HAM;GLUTE HAM;;;;Gross Weight: 26 Kgs;3525;3760223790870
2331;;GILET LESTE FEMME 10KG AJUSTABLE;10kgs Women weightedVEST; ;"Color: pinkAdjustable from 1 to 10kgsLogo: LEADERFIT, on the front";;;2331;3760223793765
4044;;GILET LESTE CROSS TRAINING 20KG AJUSTABLE;20kgs crossfit weighted VEST; ;"Color: military colorsAdjustable from 1 to 20kgsLogo: LEADERFIT, on the front";;;4044;3760223793772
4043;;GILET LESTE NEOPRENE 10KG;Neoprene Weight Vest 10kgs;;"Material: NeopreneWith longer strap on the frontWith yellow trim for 10kgs, and pink trim on 5kgs";;1PC/POLYBAG,20KG/CARTON;4043;3760223790702
4041;;GILET LESTE NEOPRENE 5KG;Neoprene Weight Vest 5kgs;;;;;4041;3760223790696
3641;;GRIPBALL;Grip Ball;;Diameter of the ball:   cm;;0,5 kgs;3641;3760223790917
1966;;GRIP POUR BARRE;Grip for bar;;"Color: BlueInside Diameter: 51mm";;;1966;3760223793727
1576;;HAIE 15CM;;;;;;1576;0
1577;;HAIE 30CM;;;;;;1577;0
1578;;HAIE 50CM;;;;;;1578;0
2057;;HALTERES CAOUTCHOUC HEXAGONAUX 1KG ;HEXAGONAL RUBBER DUMBBELL 1KG;;"The weight of the dumbbell must be written (like on the photo with the 30kgs dumbbell). Raised numbers for easy identificationSolid steel knurled ergonomic handle with zinc coatingCast metal dumbbell with rubber coatingThe weight must be firmly attached to the central bar, so that it cannot be removed.";;;2057;3760223792706
2058;;HALTERES CAOUTCHOUC HEXAGONAUX 2KG ;HEXAGONAL RUBBER DUMBBELL 2KG;;"The weight of the dumbbell must be written (like on the photo with the 30kgs dumbbell). Raised numbers for easy identificationSolid steel knurled ergonomic handle with zinc coatingCast metal dumbbell with rubber coatingThe weight must be firmly attached to the central bar, so that it cannot be removed.";;;2058;3760223791648
2059;;HALTERES CAOUTCHOUC HEXAGONAUX 4KG ;HEXAGONAL RUBBER DUMBBELL 4KG;;"The weight of the dumbbell must be written (like on the photo with the 30kgs dumbbell). Raised numbers for easy identificationSolid steel knurled ergonomic handle with zinc coatingCast metal dumbbell with rubber coatingThe weight must be firmly attached to the central bar, so that it cannot be removed.";;;2059;3760223791655
2062;;HALTERES CAOUTCHOUC HEXAGONAUX 6 KG ;HEXAGONAL RUBBER DUMBBELL 6KG;;"The weight of the dumbbell must be written (like on the photo with the 30kgs dumbbell). Raised numbers for easy identificationSolid steel knurled ergonomic handle with zinc coatingCast metal dumbbell with rubber coatingThe weight must be firmly attached to the central bar, so that it cannot be removed.";;;2062;3760223791662
2064;;HALTERES CAOUTCHOUC HEXAGONAUX 8 KG ;HEXAGONAL RUBBER DUMBBELL 8KG;;"The weight of the dumbbell must be written (like on the photo with the 30kgs dumbbell). Raised numbers for easy identificationSolid steel knurled ergonomic handle with zinc coatingCast metal dumbbell with rubber coatingThe weight must be firmly attached to the central bar, so that it cannot be removed.";;;2064;3760223791150
2066;;HALTERES CAOUTCHOUC HEXAGONAUX 10 KG ;HEXAGONAL RUBBER DUMBBELL 10KG;;"The weight of the dumbbell must be written (like on the photo with the 30kgs dumbbell). Raised numbers for easy identificationSolid steel knurled ergonomic handle with zinc coatingCast metal dumbbell with rubber coatingThe weight must be firmly attached to the central bar, so that it cannot be removed.";;;2066;3760223791167
1589;;HALTERES CAOUTCHOUC HEXAGONAUX 12,5 KG ;HEXAGONAL RUBBER DUMBBELL 12,5KG;;"The weight of the dumbbell must be written (like on the photo with the 30kgs dumbbell). Raised numbers for easy identificationSolid steel knurled ergonomic handle with zinc coatingCast metal dumbbell with rubber coatingThe weight must be firmly attached to the central bar, so that it cannot be removed.";;;1589;3760223791174
1590;;HALTERES CAOUTCHOUC HEXAGONAUX 15 KG ;HEXAGONAL RUBBER DUMBBELL 15KG;;"The weight of the dumbbell must be written (like on the photo with the 30kgs dumbbell). Raised numbers for easy identificationSolid steel knurled ergonomic handle with zinc coatingCast metal dumbbell with rubber coatingThe weight must be firmly attached to the central bar, so that it cannot be removed.";;;1590;3760223794335
1591;;HALTERES CAOUTCHOUC HEXAGONAUX 17,5 KG ;HEXAGONAL RUBBER DUMBBELL 17,5KG;;"The weight of the dumbbell must be written (like on the photo with the 30kgs dumbbell). Raised numbers for easy identificationSolid steel knurled ergonomic handle with zinc coatingCast metal dumbbell with rubber coatingThe weight must be firmly attached to the central bar, so that it cannot be removed.";;;1591;3760223791181
1592;;HALTERES CAOUTCHOUC HEXAGONAUX 20 KG ;HEXAGONAL RUBBER DUMBBELL 20KG;;"The weight of the dumbbell must be written (like on the photo with the 30kgs dumbbell). Raised numbers for easy identificationSolid steel knurled ergonomic handle with zinc coatingCast metal dumbbell with rubber coatingThe weight must be firmly attached to the central bar, so that it cannot be removed.";;;1592;3760223791723
1593;;HALTERES CAOUTCHOUC HEXAGONAUX 22,5 KG ;HEXAGONAL RUBBER DUMBBELL 22,5KG;;"The weight of the dumbbell must be written (like on the photo with the 30kgs dumbbell). Raised numbers for easy identificationSolid steel knurled ergonomic handle with zinc coatingCast metal dumbbell with rubber coatingThe weight must be firmly attached to the central bar, so that it cannot be removed.";;;1593;3760223792713
1594;;HALTERES CAOUTCHOUC HEXAGONAUX 25 KG ;HEXAGONAL RUBBER DUMBBELL 25KG;;"The weight of the dumbbell must be written (like on the photo with the 30kgs dumbbell). Raised numbers for easy identificationSolid steel knurled ergonomic handle with zinc coatingCast metal dumbbell with rubber coatingThe weight must be firmly attached to the central bar, so that it cannot be removed.";;;1594;3760223791730
1595;;HALTERES CAOUTCHOUC HEXAGONAUX 27,5 KG ;HEXAGONAL RUBBER DUMBBELL 27,5KG;;"The weight of the dumbbell must be written (like on the photo with the 30kgs dumbbell). Raised numbers for easy identificationSolid steel knurled ergonomic handle with zinc coatingCast metal dumbbell with rubber coatingThe weight must be firmly attached to the central bar, so that it cannot be removed.";;;1595;3760223792720
1596;;HALTERES CAOUTCHOUC HEXAGONAUX 30 KG ;HEXAGONAL RUBBER DUMBBELL 30KG;;"The weight of the dumbbell must be written (like on the photo with the 30kgs dumbbell). Raised numbers for easy identificationSolid steel knurled ergonomic handle with zinc coatingCast metal dumbbell with rubber coatingThe weight must be firmly attached to the central bar, so that it cannot be removed.";;;1596;3760223792737
1597;;HALTERES CAOUTCHOUC HEXAGONAUX 32,5 KG ;HEXAGONAL RUBBER DUMBBELL 32,5KG;;"The weight of the dumbbell must be written (like on the photo with the 30kgs dumbbell). Raised numbers for easy identificationSolid steel knurled ergonomic handle with zinc coatingCast metal dumbbell with rubber coatingThe weight must be firmly attached to the central bar, so that it cannot be removed.";;;1597;3760223792744
1598;;HALTERES CAOUTCHOUC HEXAGONAUX 35 KG ;HEXAGONAL RUBBER DUMBBELL 35KG;;"The weight of the dumbbell must be written (like on the photo with the 30kgs dumbbell). Raised numbers for easy identificationSolid steel knurled ergonomic handle with zinc coatingCast metal dumbbell with rubber coatingThe weight must be firmly attached to the central bar, so that it cannot be removed.";;;1598;3760223791747
2484;;HALTERES CAOUTCHOUC HEXAGONAUX 37,5 KG ;HEXAGONAL RUBBER DUMBBELL 37,5KG;;"The weight of the dumbbell must be written (like on the photo with the 30kgs dumbbell). Raised numbers for easy identificationSolid steel knurled ergonomic handle with zinc coatingCast metal dumbbell with rubber coatingThe weight must be firmly attached to the central bar, so that it cannot be removed.";;;2484;3760223791754
2068;;HALTERES CAOUTCHOUC HEXAGONAUX 40 KG ;HEXAGONAL RUBBER DUMBBELL 40KG;;"The weight of the dumbbell must be written (like on the photo with the 30kgs dumbbell). Raised numbers for easy identificationSolid steel knurled ergonomic handle with zinc coatingCast metal dumbbell with rubber coatingThe weight must be firmly attached to the central bar, so that it cannot be removed.";;;2068;3760223791198
2485;;HALTERES CAOUTCHOUC HEXAGONAUX 42,5 KG ;HEXAGONAL RUBBER DUMBBELL 42,5KG;;"The weight of the dumbbell must be written (like on the photo with the 30kgs dumbbell). Raised numbers for easy identificationSolid steel knurled ergonomic handle with zinc coatingCast metal dumbbell with rubber coatingThe weight must be firmly attached to the central bar, so that it cannot be removed.";;;2485;3760223792751
2071;;HALTERES CAOUTCHOUC HEXAGONAUX 45 KG ;HEXAGONAL RUBBER DUMBBELL 45KG;;"The weight of the dumbbell must be written (like on the photo with the 30kgs dumbbell). Raised numbers for easy identificationSolid steel knurled ergonomic handle with zinc coatingCast metal dumbbell with rubber coatingThe weight must be firmly attached to the central bar, so that it cannot be removed.";;;2071;3760223791778
2486;;HALTERES CAOUTCHOUC HEXAGONAUX 47,5 KG ;HEXAGONAL RUBBER DUMBBELL 47,5KG;;"The weight of the dumbbell must be written (like on the photo with the 30kgs dumbbell). Raised numbers for easy identificationSolid steel knurled ergonomic handle with zinc coatingCast metal dumbbell with rubber coatingThe weight must be firmly attached to the central bar, so that it cannot be removed.";;;2486;3760223792768
2074;;HALTERES CAOUTCHOUC HEXAGONAUX 50 KG ;HEXAGONAL RUBBER DUMBBELL 50KG;;"The weight of the dumbbell must be written (like on the photo with the 30kgs dumbbell). Raised numbers for easy identificationSolid steel knurled ergonomic handle with zinc coatingCast metal dumbbell with rubber coatingThe weight must be firmly attached to the central bar, so that it cannot be removed.";;;2074;3760223791785
2993;;HALTERES VINYLES 0,5 KG ROSE;VINYL DIPPING DUMBBELL HEXAGONAL 0,5 KGS;;"Weight: 0,5 kgs, printed in white on both sidesColor: Pink (pantone 213C)Sold by UnitCast iron dumbbell encased with vinyl shellLOGO: Leaderfit, printed in white on both sides";;;2993;3760223791204
1616;;HALTERES VINYLES 1 KG BLEU;VINYL DIPPING DUMBBELL HEXAGONAL 1 KGS;;"Weight: 1 kg, printed in white on both sidesColor: Yellow (pantone 102C)Sold by UnitCast iron dumbbell encased with vinyl shellLOGO: Leaderfit, printed in white on both sides";;;1616;3760223791808
2994;;HALTERES VINYLES 2 KG JAUNE;VINYL DIPPING DUMBBELL HEXAGONAL 2 KGS;;"Weight: 2 kgs, printed in white on both sidesColor: Green (pantone 361C)Sold by UnitCast iron dumbbell encased with vinyl shellLOGO: Leaderfit, printed in white on both sides";;;2994;3760223791211
2995;;HALTERES VINYLES 3 KG VERT;VINYL DIPPING DUMBBELL HEXAGONAL 3 KGS;;"Weight: 3 kgs, printed in white on both sidesColor: Blue (pantone 306 C)Sold by UnitCast iron dumbbell encased with vinyl shellLOGO: Leaderfit, printed in white on both sides";;;2995;3760223792775
2996;;HALTERES VINYLES 4 KG ORANGE;VINYL DIPPING DUMBBELL HEXAGONAL 4 KGS;;"Weight: 4 kgs, printed in white on both sidesColor: Red (pantone 485C)Sold by UnitCast iron dumbbell encased with vinyl shellLOGO: Leaderfit, printed in white on both sides";;;2996;3760223792782
2997;;HALTERES VINYLES 5 KG NOIR;VINYL DIPPING DUMBBELL HEXAGONAL 5 KGS;;"Weight: 5 kgs, printed in white on both sidesColor: BlackSold by UnitCast iron dumbbell encased with vinyl shellLOGO: Leaderfit, printed in white on both sides";;;2997;3760223792799
2362;;HEX BAR;Hex Bar;;"Net Weight: 20 kgsMain tube: 30*3 mmDimensions: 150cmLOGO: _LEADERFIT_ on both ends of the bar. Aluminum label clipped.";;"With brown carton and wood.21 kgs";2362;3760223791822
1625;;HOME TRAINER;Abdo Trainer;;"Size: 53(L)x24.5(W)x7(H)cm ?Main tube size: dia.25*1,2 mmLOGO: Leaderfit, printed in white on the head";;1,2 kgs;1625;3760223792805
1975;;JELLY STRETCH LIGHT;Jelly Expander Light;;"Material:TPRHeavy(Blue)Medium(Orange)Light(Pink)";;;1975;3760223793956
1976;;JELLY STRETCH MEDIUM;Jelly Expander Medium;;;;;1976;3760223793963
1977;;JELLY STRETCH STRONG;Jelly Expander Strong;;;;;1977;3760223793970
2884;;J-HOOKS;J-Hooks;;;;4 kgs;2884;3760223790887
2969;;KETTLEBELL 4 KG;Kettlebell 4Kg;;"The weight of the kettlebell must be written in the middle of the product (see photo on the left)Perfectly balanced _ stands aloneThe circle must be in yellow";;;2969;3760223791228
2970;;KETTLEBELL 6KG;Kettlebell 6Kg;;;;;2970;3760223791235
2971;;KETTLEBELL 8 KG;Kettlebell 8Kg;;;;;2971;3760223791242
2972;;KETTLEBELL 10 KG;Kettlebell 10Kg;;;;;2972;3760223791259
2973;;KETTLEBELL 12 KG;Kettlebell 12Kg;;;;;2973;3760223791266
2974;;KETTLEBELL 16 KG;Kettlebell 16Kg;;;;;2974;3760223791273
2975;;KETTLEBELL 20 KG;Kettlebell 20Kg;;;;;2975;3760223790474
2976;;KETTLEBELL 24 KG;Kettlebell 24Kg;;;;;2976;3760223790481
3529;;KETTLEBELL 28 KG;Kettlebell 28Kg;;;;;3529;3760223792812
3530;;KETTLEBELL 32 KG;Kettlebell 32Kg;;;;;3530;3760223792829
3531;;KETTLEBELL 36 KG;Kettlebell 36Kg;;;;;3531;3760223792836
3532;;KETTLEBELL 40 KG;Kettlebell 40Kg;;;;;3532;3760223791839
3533;;KETTLEBELL 44 KG;Kettlebell 44Kg;;;;;3533;3760223792843
3534;;KETTLEBELL 48 KG;Kettlebell 48Kg;;;;;3534;3760223792850
3584;;KETTLEBELL CAST IRON 4 KG;KETTLEBELL CAST IRON 4 KG;;"The weight of the kettlebell must be written in the middle of the product (see photo on the left)Perfectly balanced _ stands alone";;;3584;3760223794298
3585;;KETTLEBELL CAST IRON 8 KG;KETTLEBELL CAST IRON 8 KG;;;;;3585;3760223794304
3586;;KETTLEBELL CAST IRON 10 KG;KETTLEBELL CAST IRON 10 KG;;;;;3586;3760223794229
3587;;KETTLEBELL CAST IRON 12 KG;KETTLEBELL CAST IRON 12 KG;;;;;3587;3760223794236
3588;;KETTLEBELL CAST IRON 16 KG;KETTLEBELL CAST IRON 16 KG;;;;;3588;3760223794243
3589;;KETTLEBELL CAST IRON 20 KG;KETTLEBELL CAST IRON 20 KG;;;;;3589;3760223794250
3590;;KETTLEBELL CAST IRON 24 KG;KETTLEBELL CAST IRON 24 KG;;;;;3590;3760223794267
3591;;KETTLEBELL CAST IRON 28 KG;KETTLEBELL CAST IRON 28 KG;;;;;3591;3760223794274
3592;;KETTLEBELL CAST IRON 32 KG;KETTLEBELL CAST IRON 32 KG;;;;;3592;3760223794281
3705;;KETTLEBELL STORAGE;Kettlebell Storage;;Can store from 4 to 6 kettlebells;;;3705;3760223792867
2322;;KIT DE PARCOURS;;;;;;2322;0
2312;;KIT PUMP 20KG (ROSE/JAUNE/VERT);Pump Set 20 kgs;;"Composition: 1 rubber coated hollow steel barLength 1,40mDiameter: 30mm. Tube thickness: 2,5mmWeight: 2,5 kgsColor rubber plate: 2x1,25kgs; 2x2,5kgs; 2x5kgs2 Collars for regular bar 30mm (ref 1110-24B), with _LEADERFIT_ printed in white.Colors:1,25Kgs: Pink (pantone 806 2X)2,5Kgs: Yellow (pantone 2X)5Kgs: Green (pantone 368 2X)";; The 2 collars must be put into the carton with the plates.;2312;3760223791846
2903;;KIT PUMP 8,5KG COULEUR (JAUNE/VERT);Pump Set 8,5 kgs;;"Composition: 1 rubber coated hollow steel barLength 1,40m. Tube thickness: 2,5mmDiameter: 30mmWeight: 2,5 kgsColor rubber plate: 2x1,25kgs; 2x2,5kgs2 Collars for regular bar 30mm (ref 1110-24B), with _LEADERFIT_ printed in white.Colors:1,25Kgs: Pink (pantone 806 2X)2,5Kgs: Yellow (pantone 2X)";; The 2 collars must be put into the carton with the plates.;2903;0
3537;;KIT PUMP 20KG NOIR;Pump Set 20 kgs black;;"Composition: 1 rubber coated hollow steel barLength 1,40mDiameter: 30mmWeight: 2,5 kgsBlack rubber plate: 2x1,25kgs; 2x2,5kgs; 2x5kgs2 Collars for regular bar 30mm (ref 1110-24B), with _LEADERFIT_ printed in white.Colors: All plates must be black";; The 2 collars must be put into the carton with the plates.;3537;3760223791853
3559;;LF SUSPENSION TRAINER JAUNE;SUSPENSION SYSTEM;;"Length: 120 cmColors: Yellow and blackLOGO: Leaderfit, in color, wovenHooks must be the one on the photo on the left";;;3559;3760223790436
1973;;LF SUSPENSION TRAINER ROSE;SUSPENSION SYSTEM PINK & BLACK;;"Length: 120 cmColors: Pink and black (all yellow on the photo must be replaced by pink).LOGO: Leaderfit, in color , wovenHooks must be the one on the photo on the left";;;1973;3760223793925
2358;;MANCHON MOUSSE ;Barbell Pad;;"Material: FoamLength: 38 cmDiameter: 80 mmLOGO Leaderfit, in white";;0,25 kgs;2358;3760223791860
1945;;MANNEQUIN DE FRAPPE LF;FREE STANDING PUNCHING BAG;;"Weight: 20 kgsTotal Height: 178 cmSurface: PVC, Inner material: PE, Base material: Plastic. Strenghtened plastic.Top Foam: 45*45*140 cmBase: 68*68*38 cmLOGO: Leaderfit, in white";;Gross Weight: 20 kgs;1945;3760223792911
1978;;MANTA RAY;TPR Bar protect;;"Logo: Leaderfit, in whiteLength: 45cmMade to hold olympic bars";;;1978;3760223793987
3671;;MAX RACK AX1001;MAX RACK;;Dimensions: 180x145x240cm;;200 kgs;3671;#N/A
1639;;MEDECINE BALL 1KG;Medecine Ball 1Kg;;"LOGO Leaderfit, in black1kg: diameter 195mm, pink (pantone 213C)2kgs: dia. 195mm, yellow (pantone 102C)3kgs: dia. 220mm, green (pantone 361C)4kgs: dia. 220mm, light blue (pantone 306C)5kgs: dia. 240mm, Red (pantone 485C)Rubber eighted centre for good balance";;;1639;3760223792935
1640;;MEDECINE BALL 2KG;Medecine Ball 2Kg;;;;;1640;3760223792072
1641;;MEDECINE BALL 3KG;Medecine Ball 3Kg;;;;;1641;3760223792089
1642;;MEDECINE BALL 4KG;Medecine Ball 4Kg;;;;;1642;3760223792096
1643;;MEDECINE BALL 5KG;Medecine Ball 5Kg;;;;;1643;3760223792942
3547;;MONKEY BAR 1080MM;Monkey Bar - 1080Mm;;"Length: 1080mmTube diameter: 32 mmThickness: 5 mm";;"Gross Weight: 10 kgsPacked by piece.";3547;3760223790559
3548;;MONKEY BAR 1800MM;Monkey Bar - 1800Mm;;"Length: 1800mmTube diameter: 32 mmThickness: 5 mm";;"Gross Weight: 14 kgsPacked by piece.";3548;3760223791341
3549;;MONKEY RACK 1080MM;Monkey Rack - 1080Mm;;"Length: 1080mmMax Weight: 300 kgsTube size: 32*5mm";;Gross Weight: 18 kgs;3549;3760223792959
3550;;MONKEY RACK 1800MM;Monkey Rack - 1800Mm;;"Length: 1800mmMax Weight: 300 kgsTube size: 32*5mm";;Gross Weight: 28,6 kgs;3550;3760223792966
3421;;MULTI-GRIP CHIN-UP;Multi-Grip Chin-Up;;"MAIN TUBE SIZE:50*50*2MMASSEMBLE SIZE: 84*127*50CMMax Weight: 250 kgsColor: All in black";;Gross Weight: 22 kgs;3421;3760223792973
3423;;OVERPASS1800MM;Overpass - 1800Mm ;;"Length: 1800mmTube diameter 50mmThickness: 3mm";;"Gross Weight: 22 kgsPacked by piece.";3423;3760223792997
3422;;OVERPASS 1080MM;Overpass- 1080Mm ;;"Length: 1080mmTube diameter 50mmThickness: 3mm";;"Gross Weight: 13 kgsPacked by piece.";3422;3760223792980
1985;;PATTE D'OURS POUR MANNEQUIN DE FRAPPE;;;Color: Black;;;1985;3760223794106
1677;;PARACHUTE DE RESISTANCE;;;;;;1677;0
3552;;POWER BAND PEGS;Power band pegs;;;;;3552;3760223793109
1682;;PILATES RING LF NOIR;Pilates Ring Black;;"Inside Diameter: 34 cmOutside Diameter: 37 cmHardness of the foam handle: 38øColor: White/BlackMaterial: Glass fiberHandle: ABS + EVALOGO, _LF_Pilates_, in black, on both outside handles";;"1pc/polybag, 10pcs/ctnGross Weight: 0,45 kg ";1682;3760223790450
1974;;PILATES RING LF BLEU;Pilates Ring Blue;;"Inside Diameter: 34 cmOutside Diameter: 37 cmHardness of the foam handle: 38øColor: Blue/white (pantone 300C)Material: Glass fiberHandle: ABS + EVALOGO, _LF_Pilates_, in black, on both outside handles";;"1pc/polybag, 10pcs/ctnGross Weight: 0,45 kg ";1974;3760223793949
1684;;PINCES METAL STOP DISQUE ;COLLARS FOR OLYMPIC BAR;;"Inside diameter 51mmSold by pair";;;1684;3760223793079
3689;;PLYO PLATFORM;Plyo Platform;;;;Gross Weight: 16 kgs;3689;3760223791365
3704;;PLATE STORAGE SLEEVE;Plate Storage Sleeve;;;;Gross Weight: 6 kgs;3704;3760223790894
3966;;PLATEAU D'HALTEROPHILIE;WeightLifting Platform;;"Size:2.5M*2M*30MMColor:black rubber mat,conner in yellowLogo: Leaderfit, black printed on bamboo(double side)";;Gross Weight: 320 kgs;3966;3760223792102
1685;;PLOTS DE VITESSE PAR 48;;;;;;1685;0
4016;;PLYOBOX BOIS 40/50/60 NOIR;Wooden plyobox;;"Plyobox 3 in 1Color: Black SandWith Sand surfaceLogo: printed in yellow (pantone 102C)40/50/60cm";;;4016;3760223793604
3690;;PLYOMETRIC BOX BOARD;Plyometric Box Board;;Length: 1080 mm;41cm;1,9 kgs;3690;3760223793093
3691;;POWER BAG 5KG;Power Bag 5Kg;;"LOGO Leaderfit, in white, in the middle of the bag (see photo)5kg: orange(pantone 2018c)10kgs: yellow (pantone 102C)15kgs: green (pantone 361C)20kgs: light blue (pantone 306C)25kgs: Red (pantone 485C)Weight printed in white in both ends";;Carton must be strengthened;3691;3760223790580
3692;;POWER BAG 10KG;Power Bag 10Kg;;;;;3692;3760223790597
3693;;POWER BAG 15KG;Power Bag 15Kg;;;;;3693;3760223790603
3694;;POWER BAG 20KG;Power Bag 20Kg;;;;;3694;3760223790610
3695;;POWER BAG 25KG;Power Bag 25Kg;;;;;3695;3760223790627
3697;;POWER BAND EXTRA LIGHT ;Power Band Extra Light;;"LOGO Leaderfit, in whiteExtra-light: Red, 2080*13*4,5 mmLight: Black, 2080*21*4,5 mmMedium: Purple, 2080*32*4,5 mmStrong: Green, 2080*45*4,5 mmExtra-strong: Blue, 2080*64*4,5 mmMaterial: Latex";;;3697;3760223790986
3696;;POWER BAND  LIGHT ;Power Band Light;;;;;3696;3760223790993
3699;;POWER BAND MEDIUM;Power Band Medium;;;;;3699;3760223791020
3700;;POWER BAND STRONG;Power Band Strong;;;;;3700;3760223791006
3698;;POWER BAND EXTRA STRONG;Power Band Extra Strong;;;;;3698;3760223791013
1696;;PRESS BALL;Press Ball;;"Diameter: 63 mmColor: BlueHardness: Soft";;;1696;3760223790795
3703;;PUNCHING BAG RACK;Punching bag rack;;;;Gross weight: 8 kgs;3703;3760223791372
2364;;PULLBOY BLEU;;;;;;2364;0
2584;;PUSH UP BARS S;Push up bar S;;Logo: Leaderfit, in white on the handle;;Packed by pair;2584;3760223793116
2585;;PUSH UP BARS ROTATIVES;Rotational Push up bar;;"Logo: ""Leaderfit"", in black on the handleTop of handle must be Yellow (pantone 102C), other parts in black";;Packed by pair;2585;3760223790955
1697;;RACK 10 KITS PUMP;RACK FOR 10 PUMP SET;;"Capacity: 10 Pump set 20kgsDimensions: 90x75cmLength of the bars: ";;Gross Weight: 20 kgs;1697;3760223793123
1699;;RACK 20 KITS PUMP GRIS;Rack for 20 Pump Set;;"Capacity: 20 Pump set 20kgsDimensions: 140 ž 48 ž 108cm";;Gross Weight: 48 kgs;1699;3760223791877
1992;;RACK 20 KITS PUMP ROULANT;Barbell Rack;;Dimensions: 157*65*156cm;;;1992;3760223794137
2345;;RACK 5 MEDECINE BALL;Rack 5 Medecine Ball;;"Color: Black SandDimensions: 64*56*146cmMain tube dimensions: 30*60*1,5 mm";;7 kgs;2345;3760223792164
1988;;RACK 20 MEDECINE BALL & WALL BALL;RACK 20 MEDECINE BALL & WALL BALL;;"Color: GreyMAIN TUBE SIZE:60*30*2MMWith 5 spaces per side";;PACKING:1SET/2 CARTONS;1988;3760223794045
1704;;RACK GYMBALL BALLON;GYMBALL RACK;;"Can store up to 9 gym ballsDimensions: 185x130cmDiameter of the rings:   cmMust be adjustable";;11 kgs;1704;3760223790467
1718;;RACK ACCESSOIRES;RACK FOR ACCESSORIES;;"Color: blackDimensions: 124*56*24,5 cmDimensions : 488x438x120 cmSold without the accessories";;16 kgs;1718;3760223791884
1718;;RACK ACCESSOIRES;RACK FOR ACCESSORIES;;"Color: greySold without the accessoriesAssembly size:47*43*101cm";;16 kgs;1718;3760223791884
3555;;RACK BARRES MURAL;WALL BAR RACK;;"Color: blackDimensions : 40*110 cmSold by pairCapacity: 6 bars";;7 kgs;3555;3760223793154
3398;;RACK BARRES VERTICAL;RACK FOR BARBELL;;"Color: blackDimensions : 1200x690x305mmInside diameter of the holes: 52 mm";;14,8 kgs;3398;3760223790498
1970;;RACK DISQUE BUMPER VERTICAL;Vertical Rack for bumper plates;;"Color: BlackTube size:45*2mmHeight of the tube: 90cmDimensions of the rack: 45cm x 45cmCan hold up to 300 kgsWith wheels";;16,5 kgs;1970;3760223793796
1705;;RACK DISQUES ;RACK FOR PLATE;;"MAIN TUBE SIZE:80*40*1.5MMColor: Grey";;16,5 kgs;1705;3760223793161
1717;;RACK DISQUES & BARRES;RACK FOR BARBELL AND PLATES;;"Color: blackDimensions : 70,8 x 48 x 96 cmDiameter of the small bars: 50mmLength of the bars:    cm6 storage posts and 6 bars holdersBars & plates aren_t included";;27 kgs;1717;3760223793178
1709;;RACK DOMES TRAINER;RACK FOR DOME TRAINERS;;"Capacity: Can store up to 8 dome trainersDimensions: 150x100x40cm";;Gross Weight: 30 kgs;1709;3760223793185
1710;;RACK FOAM ROLLER;FOAM ROLLER RACK;;"Can store up to 5 foam rollersDimensions: 97x19,5x6 cmMaterial: EVA foam";;0,2 kgs;1710;3760223793192
2239;;RACK HALTERES VINYLES FITNESS ROULANT;RACK FOR DUMBBELLS W/WHEELS;;"Dimensions: 118x96x62cmSpace between each bar: from the left to the right on the photo. Space must be the same on bottom and on the top:Lock bar with hole on the top. Possibility to store the bar on the left side.Height of the bars:  cmSupport plate for dumbbellsDiameter of the wheels:   mm";;;2239;3760223793208
3777;;RACK HALTERES 10 · 15 PAIRES;Hexagonal Dumbbell Rack;;"Color: Black SandMain tube thickness: 2 mm";;95 kgs;3777;3760223791891
1713;;RACK KETTLEBELL SMALL;Rack for Kettlebell;;"Dimensions:  80x60x75cmMain tube size: 60*60*1,5 mmColor: Black";;25,5 kgs;1713;3760223791280
1993;;RACK KETTLEBELL;Rack for Kettlebell;;Main tube:30*60*1.5mm;;;1993;3760223794144
1716;;RACK TAPIS MURAL;WALL MAT RACK;;;;;1716;3760223793215
2347;;RACK POWER BAG;Power Bag Rack;;"Dimensions: 86.5x59x145.5cmMain tube size: 30*60*1,5 mm";;"packed with two cartons_73x65x13.5cm_149x24.5x10cm_N/G.W:7.4/13KG 8.6/14.4KGGross weight: 16 kgs";2347;3760223790504
4023;;RANGEMENT MURAL POUR CORDE;ROPE STORAGE;;Dimensions: 23*5*28cm;;0,2 kgs;4023;#N/A
1719;;RACK TAPIS ROULANT;EXERCISE MAT RACK W/WHEELS;;"Dimensions: 185x60x35cmAdjustable height";Gross Weight: 19 kgs;Gross Weight: 19 kgs;1719;3760223793222
3480;;ROTATIONAL CORE;Rotational Core;;"Tube Inside diameter 51mm";;Gross weight: 3,53 kgs;3480;3760223793246
1726;;BANDE LATEX ROULEAU LIGHT 25M;Elastic Band Roller Light;;"Dimensions:Light: 25mx15cmx0.3mm, pink (pantone:213C)Medium: 25mx15cmx0.4mm, yellow (pantone:102C)Strong: 25mx15cmx0.5mm, green (pantone:361C)";;1,2 kgs;1726;3760223791297
1727;;BANDE LATEX ROULEAU MEDIUM 25M;Elastic Band Roller Medium;;;;1,3 kgs;1727;3760223791303
3491;;BANDE LATEX ROULEAU STRONG 25M;Elastic Band Roller Strong;;;;1,7 kgs;3491;3760223791921
1971;;ROULEAU DE MASSAGE 3 EN 1;3 in 1 Foam Roller;;"One set includes:-Deep Tissue Foam Roller, 1pc-Massage Foam Roller, 1pc-Massage Sticker, 1pcColor: Orange and grey, as on the photo";;;1971;3760223793802
3712;;ROULEAU DE MASSAGE;Rumble Roller;;"EVA FoamPVC TubeColor: BlackDimensions : 33x14cm";;Gross weight: 0,75 kgs;3712;3760223791938
3724;;ROULEAU DE MASSAGE HARD;Rumble Roller Hard;;"EVA FoamPVC TubeColor: BlackDimensions : 12.5cm diameter, 33cm length.";;Gross weight: 0,75 kgs;3724;3760223793734
1767;;SET DE MASSAGE;MASSAGE SET;;"Massage StickSize: 6 x 44,5 cm (12 rollers), material: TPR, POMColor: PurpleMini massage ballSize: 72mm, material: RubberColor: Red-soft, yellow for hard2 balls a set with mesh bagMini massage ballSize: 7 x 14 cm, material: PVCColor: Red";;"3 items in a white boxGross Weight: 1,2 kg ";1767;3760223793321
3735;;SHAPE HANDLE;Shap Handle;;"Welded metalColor: Black";;Gross weight: 1,25 kgs;3735;3760223793338
3738;;SLAMBALL 4KG;Slamball 4Kg;;"Weight printed in white.LOGO Leaderfit, in yellowDifferent weight can be asked: 4, 6, 8, 10, 15 kgsDoes not bounce when thrown against wall or onto floor";;;3738;3760223792171
3739;;SLAMBALL 6KG;Slamball 6Kg;;;;;3739;3760223792188
3740;;SLAMBALL 8KG;Slamball 8Kg;;;;;3740;3760223792195
3741;;SLAMBALL 10KG;Slamball 10Kg;;;;;3741;3760223790429
3742;;SLAMBALL 15KG;Slamball 15Kg;;;;;3742;3760223793345
4013;;SLIDER DISCS;Slider discs;;"LOGO Leaderfit Equipement, in pinkOval ShapeWith handles on the top";;;4013;3760223792065
3418;;SLIDING PULL UP SYSTEM;Sliding Pull Up System;;;;Gross Weight: 24,6 kgs;3418;3760223793352
3743;;SLING BRIDGE;Sling Bridge;;;;Gross Weight: 12 kgs;3743;3760223793369
3729;;SOFT PLYOBOX SET;Soft Plyobox Set;;"Sizes: 30/45/60 cmLOGO Leaderfit on two opposite sides, in white.One side: Size in Pound (12_/18_/24_)On the otherside: Size in cm (30cm/45cm/60cm)Top of the plyoboxes: in Black";;Gross Weight: 35 kgs;3729;3760223791310
1972;;SOFT PLYOBOX SET 3 EN 1;Soft Plyobox Set 3 in 1;;"With red triangle in yellowWith Leaderfit logo on each side, in yellowSIZE:76*61*51CMEach size is printed in white on each side.Weight: 20kg";;;1972;3760223793918
3630;;DALLE EN ROULEAU;;;;;;3630;3760223792492
3779;;SPOTTER ARMS;Spotter Arms ;;"Welded metalColor: GreySold by pair";;Gross Weight: 13 kgs;3779;3760223790924
1931;;SR - RANGEMENT ACCESSOIRES;Accessory Shelf;;;;;1931;3760223793819
1932;;SR - RANGEMENT DISQUE BUMPER;Bumper plate Shelf;;;;;1932;3760223793826
1933;;SR - RANGEMENT HALTÔRE;Dumbbell Shelf;;;;;1933;3760223793833
1934;;SR - RANGEMENT KETTLEBELL;Kettlebell Shelf;;;;;1934;3760223793840
1935;;SR - RANGEMENT MEDECINE BALL;Medecine Ball Shelf;;;;;1935;3760223793857
1936;;SR - RANGEMENT BARRE OLYMPIQUE;Olympic Bar Storage;;;;;1936;3760223793864
1937;;SR - RANGEMENT DISQUE;Plate Sleeve;;;;;1937;3760223793871
1938;;SR - POTEAU RACK CROSS TRAINING 1,5M;Upright Tube Storage Rack 1,5M;;;;;1938;3760223793888
1939;;SR - POTEAU RACK CROSS TRAINING 1M;Upright Tube Storage Rack 1M;;;;;1939;3760223793895
1940;;SR - RANGEMENT WALL BALL;Wall Ball Shelf;;;;;1940;3760223793901
1982;;STEP MINI;AEROBIC STEP;;"SIZE:70*28*22CMSTEP COLOR: BLACKFEET COLOR: GreyLogo: Leaderfit, in color on the top";;4,5 kgs;1982;3760223794021
2687;;STEP SANS PLOTS;AEROBIC STEP W/O PLOTS;;"Dimensions: 109 x 41 x 10 cmColor: Grey";;4,5 kgs;2687;3760223791327
2310;;STEP CLUB ;AEROBIC STEP W/ PLOTS;;"imensions: 109 x 41 x 11/16/21 cmThe step is composed of a step base and 8 plots.Max user weight: 100 kgsColor: Grey";;9,5 kgs;2310;3760223793444
1738;;STEP LEADERFIT';AEROBIC STEP W/ PLOTS;;"Dimensions: 98 x 38 x 15 cmTwo pairs of risers includedAdjustable height of : 15/20/25 cmRubberized deckMax user weight: 100 kgsLOGO: Leaderfit, in pink";;7,5 kgs;1738;3760223793451
3399;;SUPINE BOARD;Supine Board;;;;Gross Weight: 15 kgs;3399;3760223793468
1941;;STEEL JERK BLOCK;Steel Jerk Block;;"Color: BlackLogo: Leaderfit, yellow print in top rubberWeight: 58kg/pcDimensions (cm) L 91x l 61 x H 89 / 109.";;;1941;3760223793932
1984;;TAPIS ANTI-FATIGUE;TAPIS ANTI-FATIGUE;;"With Yoga PatternSize 60*175*1.9cmColor: GreenWeight: 3,5kgs";;;1984;3760223794083
1981;;TAPIS D'ACUPRESSION;Calmat;;"SIZE:68*42*2CMColor: Purple";;PACKING:1PC/POLYBAG,20KG/CARTON;1981;3760223794175
3560;;TAPIS 100X9,5CM GRIS/NOIR;PVC EXERCISE MAT 1M GREY/BLACK;;"Dimensions: 9.5mm x 50cm x 100cmColor: Cool Gray 8C (one side) / Black (other side)With 2 eyelets on the matSpace between the middle of eyelets: 50cmDensity: 0.11-0.14g/cm3";;1 kgs;3560;3760223793475
1744;;TAPIS 140X1,5 BLEU;EXERCISE MAT 140x60x1.5cm BLUE;;"Dimensions: 140 x 60x 1,5 cmColor: BlueWith 2 eyelets on the mat Material: TPEDistance between middle of each eyelets: 50cmDensity: 0.11-0.14g/cm3";;2 kgs;1744;3760223793482
1745;;TAPIS 140X1,5 NOIR;EXERCISE MAT 140x60x1.5cm BLACK;;"Dimensions: 140 x 60x 1,5 cmColor: BlackWith 2 eyelets on the mat Material: TPEDistance between middle of each eyelets: 50cm";;2 kgs;1745;3760223793499
1748;;TAPIS 180X1,5 BLEU;UNDULANT EXERCISE MAT 180x60x1.5cm BLUE;;"Dimensions: 180 x 60x 1,5 cmColor: BlueWith 2 eyelets on the matMaterial: NBRDistance between middle of each eyelets: 50cmDensity: 80kg/m3Straps must be put into the mat. The mat must not be strapped directly by supplier.";;Gross Weight: 2 kg;1748;3760223793505
1749;;TAPIS 180X1,5 NOIR;UNDULANT EXERCISE MAT 180x60x1.5cm BLACK;;"Dimensions: 180 x 60x 1,5 cmColor: BlackWith 2 eyelets on the matMaterial: NBRDistance between middle of each eyelets: 50cmDensity: 80kg/m3Straps must be put into the mat. The mat must not be strapped directly by supplier.";;Gross Weight: 2 kg;1749;3760223793512
1757;;TAPIS 180X1,5 VERT;UNDULANT EXERCISE MAT 180x60x1.5cm GREEN;;"Dimensions: 180 x 60x 1,5 cmColor: GreenWith 2 eyelets on the matMaterial: NBRDistance between middle of each eyelets: 50cmDensity: 80kg/m3";;Gross Weight: 2 kg;1757;3760223793536
1756;;TAPIS 180X1,5 ROSE;UNDULANT EXERCISE MAT 180x60x1.5cm PINK;;"Dimensions: 180 x 60x 1,5 cmColor: PinkWith 2 eyelets on the matMaterial: NBRDistance between middle of each eyelets: 50cmDensity: 80kg/m3";;Gross Weight: 2 kg;1756;3760223793529
3563;;TIMER PRO;Timer;;"Size:74*16*4cmWith Remote ControlCan display secondsWith logo Leaderfit, in white";;;3563;3760223790634
2327;;TRAINEAU · LESTES;SLED + HARNESS;;"SLEDColor: SilverHarness Color: blackAssembly size: 92*79*114cm main tube 50*50*2mm weight is 21kg";;Gross Weight: 23kgs;2327;3760223793543
1944;;TRAMPOLINE;Trampoline;;"The 6 feet must screw to the frame perfectlyTube thickness: 1,5 mmSpring Diameter: 3,2 mmWidth of strap: 3,8 cmDouble straps, 12 seamsLOGO: Leaderfit, in whiteYou must be careful on the welded point, we don't want to find any.";;Gross Weight: 8 kgs;1944;3760223793550
3562;;TRAMPOLINE CAGE;TRAMPOLINE CROSSFIT FOR STATION;;;;Gross Weight: 22 kgs;3562;3760223790900
3424;;TRIANGULAR CROSSES 1800MM;Triangular Crosses - 1800Mm ;;Length: 1800 mm;;Gross Weight: 42 kgs;3424;3760223793567
3759;;UPRIGHT TUBE 2742MM;Upright Tube - 2742MM;;"Length: 2742mmWelded MetalColor: Black";;Gross Weight: 25 kgs;3759;3760223790573
3760;;UPRIGHT TUBE 3685MM;Upright Tube - 3685Mm;;"Length: 3685mmWelded MetalColor: Black";;Gross Weight: 29 kgs;3760;3760223791358
2342;;SOFT MEDECINE BALL 3KG;;;;;;2342;0
2343;;SOFT MEDECINE BALL 6KG;;;;;;2343;0
2344;;SOFT MEDECINE BALL 9KG;;;;;;2344;0
3706;;BALL STORAGE;Wall Ball Storage;;Can store up to 3 Wall Balls;;Gross Weight: 12 kgs;3706;3760223793574
3478;;WALL BALL TARGET;Wall Ball Target;;Material: Metal;;Gross Weight: 15 kgs;3478;3760223790856
1967;;ROUE YOGA;Yoga Wheel;;"Logo: LF Pilates, on the white partExternal diameter: 33.5 (with foam)cm ÿInternal diameter: 30cmFoam thickness: 0,6 cmColor: Inside: WhiteOutside: GreenMaterial: PVC covered by Rubber";;;1967;3760223794168
;;;;;;;;;
;;;;;;;;;